10001-1	Metroliner	Train	2001
10002-1	Railroad Club Car	Train	2001
10013-1	Open Freight Wagon	Train &gt; 9V	2001
10014-1	Caboose	Train &gt; 9V	2001
10015-1	Passenger Wagon	Train &gt; 9V	2001
10016-1	Tanker	Train &gt; 9V	2001
10017-1	Hopper Wagon	Train &gt; 9V	2001
10018-1	Darth Maul	Star Wars &gt; Ultimate Collector Series	2001
10019-1	Rebel Blockade Runner	Star Wars &gt; Ultimate Collector Series	2001
10020-1	Santa Fe Super Chief	Train &gt; 9V	2002
10022-1	Santa Fe Cars - Set II (dining, observation, or sleeping car)	Train &gt; 9V	2002
10025-1	Santa Fe Cars - Set I (mail or baggage car)	Train &gt; 9V	2002
10030-1	Imperial Star Destroyer	Star Wars &gt; Ultimate Collector Series	2002
10036-1	Pizza To Go	Town	2002
10037-1	Breezeway Cafe	Town	2002
10124-1	Wright Flyer	Creator &gt; Creator Expert	2003
10128-1	Train Level Crossing	Town &gt; World City	2003
10129-1	Rebel Snowspeeder	Star Wars &gt; Ultimate Collector Series	2003
10133-1	Burlington Northern Santa Fe Locomotive	Train &gt; 9V	2004
10134-1	Y-wing Attack Starfighter	Star Wars &gt; Ultimate Collector Series	2004
10143-1	Death Star II	Star Wars &gt; Ultimate Collector Series	2005
10156-1	LEGO Truck	Town	2004
10158-1	High Speed Train Car	Town &gt; World City	2004
10159-1	City Airport	City &gt; Airport	2004
10170-1	TTX Intermodal Double-Stack Car	Train &gt; 9V	2005
2148-1	LEGO Truck	Town &gt; Classic Town	1997
2149-1	Color Line Container Lorry	Town &gt; Classic Town	1997
2150-1	Train Station	Train &gt; 9V	1996
2531-1	Rescue Helicopter and Jeep	Town	1998
2541-1	Adventurers Car	Adventurers &gt; Desert	1998
2542-1	Adventurers Aeroplane	Adventurers &gt; Desert	1998
2584-1	Biker Bob	Town &gt; Town Jr.	1998
261-1	Bathroom	Homemaker	1979
262-2	Complete Children&#039;s Room Set	Homemaker	1972
2845-1	Indian Chief	Western	1997
2846-1	Indian Kayak	Western	1997
2882-1	Speedboat	Town &gt; Classic Town	1997
2962-1	Res-Q Lifeguard	Town &gt; Res-Q	1998
30022-1	Bee	Creator	2011
30023-1	Lighthouse	Creator	2011
30024-1	Truck	Creator	2011
30025-1	Clown Fish	Creator	2011
30026-1	Panda	Creator	2011
30027-1	Reindeer	Creator	2011
30028-1	Wreath	Seasonal &gt; Christmas	2011
30029-1	Pudsey Bear	Creator	2011
30030-1	Racing Car	Racers	2010
30033-1	Racing Truck	Racers	2010
30034-1	Racing Tow Truck	Racers	2010
30035-1	Racing Car	Racers	2010
30036-1	Buggy Racer	Racers	2011
30050-1	Republic Attack Shuttle - Mini	Star Wars	2010
30051-1	X-wing Fighter - Mini	Star Wars	2010
30052-1	AAT - Mini	Star Wars	2011
30053-1	Republic Attack Cruiser - Mini	Star Wars	2011
30054-1	AT-ST - Mini	Star Wars	2011
30055-1	Vulture Droid - Mini	Star Wars	2011
30056-1	Star Destroyer	Star Wars	2012
30090-1	Desert Glider	Pharaoh&#039;s Quest	2011
30091-1	Desert Rover	Pharaoh&#039;s Quest	2011
30100-1	Andrea on the Beach	Friends	2012
30101-1	Skate Boarder	Friends	2012
30102-1	Desk	Friends	2012
30103-1	Car	Friends	2012
30105-1	Stephanie and Mailbox	Friends	2012
3015-1	Space Police Car	Space &gt; Space Police II	1999
30161-1	Batmobile	Super Heroes DC &gt; Batman	2012
30181-1	Helicopter	Creator	2012
30190-1	Ferrari 150° Italia	Racers &gt; Ferrari	2012
30191-1	Scuderia Ferrari Truck	Racers &gt; Ferrari	2012
30192-1	F40	Racers &gt; Ferrari	2012
30193-1	250 GT Berlinetta	Racers &gt; Ferrari	2012
30194-1	458 Italia	Racers &gt; Ferrari	2012
30195-1	FXX	Racers &gt; Ferrari	2012
30201-1	Ghost	Monster Fighters	2012
30210-1	Frodo with Cooking Corner	The Hobbit and Lord of the Rings &gt; The Lord of the Rings	2012
30259-1	Azari’s Magic Fire	Elves	2015
30277-1	First Order Star Destroyer	Star Wars	2016
30283-1	Off-Road	Creator	2015
30284-1	Tractor	Creator	2015
30285-1	Tiger	Creator	2015
30300-1	The Batman Tumbler	Super Heroes DC &gt; Batman	2014
30311-1	Swamp Police Helicopter	City &gt; Police	2015
30312-1	Demolition Driller	City &gt; Construction	2015
30313-1	Garbage Truck	City &gt; Traffic	2015
30472-1	Parrot	Creator	2016
30542-1	Cute Pug	Creator &gt; Creator 3-in-1	2018
3056-1	Go-Kart	Town	1998
30571-1	Pelican	Creator &gt; Creator 3-in-1	2019
30572-1	Race Car	Creator	2019
3061-1	City Park Café	Friends	2012
3063-1	Heartlake Flying Club	Friends	2012
310-3	Tug	Boat	1973
31009-1	Small Cottage	Creator &gt; Creator 3-in-1	2013
31025-1	Mountain Hut	Creator &gt; Creator 3-in-1	2014
31027-1	Blue Racer	Creator &gt; Creator 3-in-1	2015
31028-1	Sea Plane	Creator &gt; Creator 3-in-1	2015
31031-1	Rainforest Animals	Creator &gt; Creator 3-in-1	2015
31037-1	Adventure Vehicles	Creator &gt; Creator 3-in-1	2015
31038-1	Changing Seasons	Creator &gt; Creator 3-in-1	2015
31039-1	Blue Power Jet	Creator &gt; Creator 3-in-1	2015
31040-1	Desert Racers	Creator &gt; Creator 3-in-1	2016
31045-1	Ocean Explorer	Creator &gt; Creator 3-in-1	2016
31048-1	Lakeside Lodge	Creator &gt; Creator 3-in-1	2016
31049-1	Twin Spin Helicopter	Creator &gt; Creator 3-in-1	2016
31063-1	Beachside Vacation	Creator &gt; Creator 3-in-1	2017
31066-1	Space Shuttle Explorer	Creator &gt; Creator 3-in-1	2017
31070-1	Turbo Track Racer	Creator &gt; Creator 3-in-1	2017
31072-1	Extreme Engines	Creator &gt; Creator 3-in-1	2018
31084-1	Pirate Roller Coaster	Creator &gt; Creator 3-in-1	2018
31088-1	Deep Sea Creatures	Creator &gt; Creator 3-in-1	2019
31092-1	Helicopter Adventure	Creator &gt; Creator 3-in-1	2019
311-1	Ferry	Boat	1973
31153-1	Modern House	Creator &gt; Creator 3-in-1	2024
31197-1	Andy Warhol&#039;s Marilyn Monroe	LEGO Art	2020
31199-1	Marvel Studios Iron Man	LEGO Art	2020
312-3	Tanker	Boat	1973
31203-1	World Map	LEGO Art	2021
31313-1	Mindstorms EV3	Mindstorms &gt; EV3	2013
314-1	Police Boat	Boat	1976
315-2	Container Transport	Boat	1976
316-1	Fire Fighter Ship	Boat	1978
3178-1	Seaplane	City &gt; Harbor	2010
3179-1	Repair Truck	City &gt; Traffic	2010
3180-1	Tank Truck	City &gt; Traffic	2010
3181-1	Passenger Plane	City &gt; Airport	2010
3183-1	Stephanie&#039;s Cool Convertible	Friends	2012
3184-1	Adventure Camper	Friends	2012
3185-1	Summer Riding Camp	Friends	2012
3186-1	Emma&#039;s  Horse Trailer	Friends	2012
3187-1	Butterfly Beauty Shop	Friends	2012
3188-1	Heartlake Vet	Friends	2012
3189-1	Heartlake Stables	Friends	2012
3219-1	TIE Fighter - Mini	Star Wars	2003
3221-1	LEGO Truck	City &gt; Traffic	2010
3223-1	Orange Fish	Creator &gt; Designer Sets	2003
3314-1	Stadium Security	Sports &gt; Soccer	1998
3315-1	Olivia&#039;s House	Friends	2012
3316-1	Friends Advent Calendar 2012	Seasonal &gt; Advent &gt; Friends	2012
3404-1	Team Bus (Black)	Sports &gt; Soccer	2000
3405-1	Team Bus (Blue)	Sports &gt; Soccer	2000
341-2	Cathy Cat&#039;s &amp; Morty Mouse&#039;s Cottage	Fabuland	1979
3442-1	LEGOLAND California Truck	Town	1998
345-1	House with Mini Wheel Car	Legoland &gt; Building	1969
346-2	House with Car	Legoland &gt; Building	1969
347-3	Doc David&#039;s Hospital	Fabuland	1979
349-1	Swiss Chalet	Legoland &gt; Building	1971
350-3	Town Hall	Fabuland	1979
3501-1	Jet-Car	Znap	1998
358-1	Rocket Base	Legoland &gt; Space	1973
3602-1	Bianca Lamb and Stroller	Fabuland	1980
3605-1	Ricky Racoon and his Scooter	Fabuland	1980
361-2	Garage	Town &gt; Classic Town	1979
3624-1	Flower Car	Fabuland	1985
3625-1	Aeroplane	Fabuland	1985
3628-1	Perry Panda &amp; Chester Chimp	Fabuland	1981
3636-1	Lucy Lamb&#039;s Bedroom	Fabuland	1987
3637-1	Gertrude Goat&#039;s Painter&#039;s Truck	Fabuland	1983
364-1	Harbour Scene	Legoland &gt; Harbor	1975
3641-1	Car &amp; Camper	Fabuland	1985
3644-1	Mayor&#039;s Car	Fabuland	1986
365-1	Wild West Scene	Legoland &gt; Western	1975
3654-1	Country Cottage	Fabuland	1982
3659-1	Play Ground	Fabuland	1987
3660-1	Fisherman&#039;s Cottage	Fabuland	1985
3667-1	Bakery	Fabuland	1982
3668-1	Merry-Go-Round	Fabuland	1986
3669-1	Fire &amp; Police Station	Fabuland	1982
367-1	Moon Landing	Legoland &gt; Space	1975
3670-1	Service Station	Fabuland	1984
3674-1	Bonnie Bunny&#039;s New House	Fabuland	1987
3676-1	Catherine Cat&#039;s Fun Park	Fabuland	1989
3678-1	The Fabuland House	Fabuland	1982
3681-1	Amusement Park	Fabuland	1985
3682-1	Fire Station	Fabuland	1987
3683-1	Amusement Park	Fabuland	1988
3701-1	Fisherman Cornelius Cat	Fabuland	1982
3704-1	Marjorie Mouse	Fabuland	1982
3707-1	Clover Cow	Fabuland	1982
3708-1	Rufus Rabbit	Fabuland	1982
3715-1	Flower Stand	Fabuland	1985
3716-1	Office	Fabuland	1985
3718-1	Small Cafe	Fabuland	1986
3721-1	Clive Crocodile on Skateboard	Fabuland	1988
374-1	Fire Station	Town &gt; Classic Town	1978
3740-1	Small Locomotive	Train &gt; 9V	2001
3741-1	Large Locomotive (base unit without color trim elements)	Train &gt; 9V	2001
3742-1	Tender Basis (without color trim elements)	Train &gt; 9V	2001
376-2	Town House with Garden	Town &gt; Classic Town	1978
377-1	Shell Service Station	Town &gt; Classic Town	1978
3782-1	Photographer Patrick Parrot	Fabuland	1982
3784-1	Hugo Hog the Tinker	Fabuland	1982
3791-1	William Walrus	Fabuland	1984
3792-1	Lisa Lamb&#039;s Bedroom	Fabuland	1985
3794-1	Police Motorcycle	Fabuland	1985
3795-1	Kitchen	Fabuland	1985
3796-1	Small Bakery	Fabuland	1986
3798-1	Hanna&#039;s Garden	Fabuland	1988
390-2	1913 Cadillac	Hobby Sets	1975
392-1	Formula 1	Hobby Sets	1975
3930-1	Stephanie&#039;s Outdoor Bakery	Friends	2012
3931-1	Emma&#039;s Splash Pool	Friends	2012
3932-1	Andrea’s Stage	Friends	2012
3933-1	Olivia&#039;s Invention Workshop	Friends	2012
3934-1	Mia’s Puppy House	Friends	2012
3935-1	Stephanie’s Pet Patrol	Friends	2012
3936-1	Emma’s Fashion Design Studio	Friends	2012
3937-1	Olivia&#039;s Speedboat	Friends	2012
3938-1	Andrea&#039;s Bunny House	Friends	2012
3939-1	Mia&#039;s Bedroom	Friends	2012
3942-1	Heartlake Dog Show	Friends	2012
395-1	1909 Rolls-Royce	Hobby Sets	1976
396-1	Thatcher Perkins Locomotive	Hobby Sets	1976
40011-1	Thanksgiving Turkey	Seasonal &gt; Thanksgiving	2010
40012-1	Halloween Pumpkin	Seasonal &gt; Halloween	2010
40013-1	Halloween Ghost	Seasonal &gt; Halloween	2010
40014-1	Halloween Bat	Seasonal &gt; Halloween	2010
4002-1	Riptide Racer	Boat	1996
4002020-1	Celebrating 40 Years of Hands-on Learning	LEGO Exclusive	2020
4005-1	Tug Boat	Boat	1982
4010-1	Police Rescue Boat	Boat	1987
40138-1	Christmas Train	Seasonal &gt; Christmas	2015
40141-1	Bricktober Hotel	Promotional &gt; Bricktober	2015
40142-1	Bricktober Train Station	Promotional &gt; Bricktober	2015
40143-1	Bricktober Bakery	Promotional &gt; Bricktober	2015
40144-1	Bricktober Toys R Us Store	Promotional &gt; Bricktober	2015
40148-1	Year Of The Sheep	Seasonal &gt; Chinese (Lunar) New Year	2015
4015-1	Freighter	Boat	1982
4016-1	Racer	Creator &gt; Early Creator	2001
4017-1	Sea Helicopter	Creator &gt; Early Creator	2001
4018-1	Ship	Creator &gt; Early Creator	2001
40180-1	Bricktober Theater	Promotional &gt; Bricktober	2014
40181-1	Bricktober Pizza Place	Promotional &gt; Bricktober	2014
40182-1	Bricktober Fire Station	Promotional &gt; Bricktober	2014
40183-1	Bricktober Town Hall	Promotional &gt; Bricktober	2014
4019-1	Aeroplane	Creator &gt; Early Creator	2001
40190-1	F138	Promotional	2014
40191-1	F12berlinetta	Promotional	2014
40192-1	250 GTO	Promotional	2014
40193-1	512 S	Promotional	2014
40194-1	Finish Line &amp; Podium	Promotional	2014
40195-1	Shell Station	Promotional	2014
40199-1	Billund Airport	LEGO Brand Store	2018
4025-1	Fire Boat	Boat	1982
40270-1	Valentine&#039;s Bee	Brickheadz	2018
40271-1	Bunny	Brickheadz	2018
40272-1	Witch	Brickheadz	2018
40273-1	Turkey	Brickheadz	2018
40274-1	Mr &amp; Mrs Claus	Brickheadz	2018
40290-1	60 Years of the LEGO Brick	Promotional	2018
40335-1	Space Rocket Ride	LEGO Ideas and CUUSOO	2019
40348-1	Birthday Clown	Brickheadz	2019
40349-1	Puppy	Brickheadz	2019
40350-1	Chick	Brickheadz	2019
40351-1	Ghost	Brickheadz	2019
40352-1	Scarecrow	Brickheadz	2019
40353-1	Reindeer, Elf &amp; Elfie	Brickheadz	2019
40354-1	Dragon Dance Guy	Brickheadz	2019
40367-1	Lady Liberty	Brickheadz	2019
4037-1	Helicopter	Creator &gt; Early Creator	2004
40377-1	Donald Duck	Brickheadz	2020
40378-1	Goofy and Pluto	Brickheadz	2020
40379-1	Bear	Brickheadz	2020
40380-1	Sheep	Brickheadz	2020
40386-1	Batman	Brick Sketches	2020
40391-1	First Order Stormtrooper	Brick Sketches	2020
40396-1	Valentine Panda	LEGO Brand Store &gt; Monthly Mini Model Build	2020
40412-1	Hagrid &amp; Buckbeak	Brickheadz	2020
40413-1	Mini Robots	Mindstorms	2020
40425-1	Nutcracker	Brickheadz	2020
40428-1	The Joker	Brick Sketches	2020
40431-1	BB-8	Brick Sketches	2020
40433-1	1989 Batmobile - Limited Edition	Super Heroes DC &gt; Batman	2019
40436-1	Lucky Cat	Brickheadz	2020
40440-1	German Shepherd and Puppy	Brickheadz	2021
10174-1	Imperial AT-ST	Star Wars &gt; Ultimate Collector Series	2006
10175-1	Vader&#039;s TIE Advanced	Star Wars &gt; Ultimate Collector Series	2006
10176-1	Royal King&#039;s Castle	Castle &gt; Knights Kingdom II	2006
10179-1	Millennium Falcon	Star Wars &gt; Ultimate Collector Series	2007
10182-1	Cafe Corner	Modular Buildings	2007
10183-1	Hobby Train	Factory	2007
10184-1	Town Plan	Town &gt; Town Plan	2008
10185-1	Green Grocer	Modular Buildings	2008
10190-1	Market Street	Modular Buildings	2007
10194-1	Emerald Night	Creator &gt; Creator Expert	2009
10197-1	Fire Brigade	Modular Buildings	2009
10205-1	Locomotive	Train &gt; 9V	2002
10212-1	Imperial Shuttle	Star Wars &gt; Ultimate Collector Series	2010
10213-1	Shuttle Adventure	Creator &gt; Creator Expert	2010
10214-1	Tower Bridge	Creator &gt; Creator Expert	2010
10218-1	Pet Shop	Modular Buildings	2011
10220-1	Volkswagen T1 Camper Van	Creator &gt; Creator Expert	2011
10224-1	Town Hall	Modular Buildings	2012
10226-1	Sopwith Camel	Creator &gt; Creator Expert	2012
10227-1	B-wing Starfighter	Star Wars &gt; Ultimate Collector Series	2012
10230-1	Mini Modulars	Modular Buildings &gt; Mini	2012
10232-1	Palace Cinema	Modular Buildings	2013
10233-1	Horizon Express	Creator &gt; Creator Expert	2013
10240-1	Red Five X-Wing Starfighter	Star Wars &gt; Ultimate Collector Series	2013
10241-1	Maersk Line Triple-E	Creator &gt; Creator Expert	2014
40441-1	Shorthair Cat and Kitten	Brickheadz	2021
40448-1	Vintage Car	LEGO Ideas and CUUSOO	2021
40456-1	Mickey Mouse	Brick Sketches	2021
40457-1	Minnie Mouse	Brick Sketches	2021
40466-1	Chinese New Year Pandas	Brickheadz	2021
40782-1	Tropical Rainforest Diorama	Other	2025
40783-1	Coral Reef Diorama	Other	2025
4096-1	Micro Wheels	Creator &gt; Designer Sets	2003
410-1	Payloader	Legoland &gt; Construction	1973
41015-1	Dolphin Cruiser	Friends	2013
41040-1	Advent Calendar 2014 Friends	Seasonal &gt; Advent &gt; Friends	2014
41071-1	Aira&#039;s Creative Workshop	Elves	2015
41072-1	Naida&#039;s Spa Secret	Elves	2015
41073-1	Naida&#039;s Epic Adventure Ship	Elves	2015
41075-1	The Elves&#039; Treetop Hideaway	Elves	2015
41092-1	Stephanie&#039;s Pizzeria	Friends	2015
41181-1	Naida&#039;s Gondola &amp; the Goblin Thief	Elves	2017
41485-1	Finn	Brickheadz	2017
41486-1	Captain Phasma	Brickheadz	2017
41487-1	Lloyd	Brickheadz	2017
41488-1	Master Wu	Brickheadz	2017
41490-1	Superman &amp; Wonder Woman	Brickheadz	2016
41491-1	Batman &amp; The Joker	Brickheadz	2016
41492-1	Iron Man &amp; Captain America	Brickheadz	2016
41493-1	Black Panther &amp; Dr. Strange	Brickheadz	2016
41496-1	Supergirl &amp; Martian Manhunter	Brickheadz	2017
41497-1	Spider-Man &amp; Venom	Brickheadz	2017
41498-1	Boba Fett &amp; Han Solo in Carbonite	Brickheadz	2017
41500-1	Flain	Mixels	2014
41501-1	Vulk	Mixels	2014
41502-1	Zorch	Mixels	2014
41503-1	Krader	Mixels	2014
41504-1	Siesmo	Mixels	2014
41505-1	Shuff	Mixels	2014
41512-1	Chomly	Mixels	2014
41585-1	Batman	Brickheadz	2017
41586-1	Batgirl	Brickheadz	2017
41587-1	Robin	Brickheadz	2017
41588-1	The Joker	Brickheadz	2017
41589-1	Captain America	Brickheadz	2017
41590-1	Iron Man	Brickheadz	2017
41591-1	Black Widow	Brickheadz	2017
41592-1	The Hulk	Brickheadz	2017
41593-1	Captain Jack Sparrow	Brickheadz	2017
41594-1	Captain Armando Salazar	Brickheadz	2017
41595-1	Belle	Brickheadz	2017
41596-1	Beast	Brickheadz	2017
41598-1	The Flash	Brickheadz	2018
41599-1	Wonder Woman	Brickheadz	2018
41600-1	Aquaman	Brickheadz	2018
41601-1	Cyborg	Brickheadz	2018
41602-1	Rey	Brickheadz	2018
41603-1	Kylo Ren	Brickheadz	2018
41604-1	Iron Man MK50	Brickheadz	2018
41605-1	Thanos	Brickheadz	2018
41606-1	Star-Lord	Brickheadz	2018
41607-1	Gamora	Brickheadz	2018
41608-1	Han Solo	Brickheadz	2018
41609-1	Chewbacca	Brickheadz	2018
41611-1	Marty McFly &amp; Doc Brown	Brickheadz	2018
41612-1	Steve &amp; Creeper	Brickheadz	2018
41613-1	Mr. Incredible &amp; Frozone	Brickheadz	2018
41614-1	Owen &amp; Blue	Brickheadz	2018
41615-1	Harry Potter &amp; Hedwig	Brickheadz	2018
41616-1	Hermione Granger	Brickheadz	2018
41617-1	Elsa	Brickheadz	2018
41618-1	Anna &amp; Olaf	Brickheadz	2018
41620-1	Stormtrooper	Brickheadz	2018
41621-1	Ron Weasley &amp; Albus Dumbledore	Brickheadz	2018
41624-1	Mickey Mouse	Brickheadz	2018
41625-1	Minnie Mouse	Brickheadz	2018
41627-1	Luke Skywalker &amp; Yoda	Brickheadz	2018
41630-1	Jack Skellington &amp; Sally	Brickheadz	2018
41632-1	Homer Simpson &amp; Krusty the Clown	Brickheadz	2018
41634-1	Emmet	Brickheadz	2019
41637-1	Sweet Mayhem	Brickheadz	2019
41903-1	Cosmic Wonder	DOTS	2020
41999-1	4 x 4 Crawler Exclusive Edition	Technic	2013
4200-1	Mining 4 x 4	City &gt; Construction	2012
42000-1	Grand Prix Racer	Technic	2013
42004-1	Mini Backhoe Loader	Technic	2013
42006-1	Excavator	Technic	2013
42020-1	Twin-rotor Helicopter	Technic	2014
42021-1	Snowmobile	Technic	2014
42022-1	Hot Rod	Technic	2014
42023-1	Construction Crew	Technic	2014
42024-1	Container Truck	Technic	2014
42026-1	Black Champion Racer	Technic	2014
42029-1	Customized Pick up Truck	Technic	2014
42031-1	Cherry Picker	Technic	2015
42032-1	Compact Tracked Loader	Technic	2015
42033-1	Record Breaker	Technic	2015
42034-1	Quad Bike	Technic	2015
42035-1	Mining Truck	Technic	2015
42036-1	Street Motorcycle	Technic	2015
42037-1	Formula Off-Roader	Technic	2015
42038-1	Arctic Truck	Technic	2015
42039-1	24 Hours Race Car	Technic	2015
42040-1	Fire Plane	Technic	2015
42041-1	Race Truck	Technic	2015
42042-1	Crawler Crane	Technic	2015
42043-1	Mercedes-Benz Arocs 3245	Technic	2015
42044-1	Display Team Jet	Technic	2016
42045-1	Hydroplane Racer	Technic	2016
42046-1	Getaway Racer	Technic	2016
42047-1	Police Interceptor	Technic	2016
42048-1	Race Kart	Technic	2016
42049-1	Mine Loader	Technic	2016
4205-1	Off Road Command Center	City &gt; Police	2012
42050-1	Drag Racer	Technic	2016
42052-1	Heavy Lift Helicopter	Technic	2016
42053-1	Volvo EW160E	Technic	2016
42054-1	CLAAS XERION 5000 TRAC VC	Technic	2016
42055-1	Bucket Wheel Excavator	Technic	2016
42056-1	Porsche 911 GT3 RS	Technic	2016
42057-1	Ultralight Helicopter	Technic	2017
42058-1	Stunt Bike	Technic	2017
42059-1	Stunt Truck	Technic	2017
4206-2	Recycling Truck	City &gt; Traffic	2012
42060-1	Roadwork Crew	Technic	2017
42061-1	Telehandler	Technic	2017
42062-1	Container Yard	Technic	2017
42063-1	BMW R 1200 GS Adventure	Technic	2017
42064-1	Ocean Explorer	Technic	2017
42065-1	RC Tracked Racer	Technic	2017
42066-1	Air Race Jet	Technic	2017
42068-1	Airport Rescue Vehicle	Technic	2017
42069-1	Extreme Adventure	Technic	2017
42070-1	6x6 All Terrain Tow Truck	Technic	2017
42071-1	Dozer Compactor	Technic	2018
42072-1	WHACK!	Technic	2018
42073-1	BASH!	Technic	2018
42074-1	Racing Yacht	Technic	2018
42075-1	First Responder	Technic	2018
42076-1	Hovercraft	Technic	2018
42077-1	Rally Car	Technic	2018
42078-1	Mack Anthem	Technic	2018
42079-1	Heavy Duty Forklift	Technic	2018
4208-1	4 x 4 Fire Truck	City &gt; Fire	2012
42080-1	Forest Machine	Technic	2018
42081-1	Volvo Concept Wheel Loader ZEUX	Technic	2018
42082-1	Rough Terrain Crane	Technic	2018
42083-1	Bugatti Chiron	Technic	2018
42084-1	Hook Loader	Technic	2018
42088-1	Cherry Picker	Technic	2019
42092-1	Rescue Helicopter	Technic	2019
42093-1	Chevrolet Corvette ZR1	Technic	2019
42094-1	Tracked Loader	Technic	2019
42095-1	Remote-Controlled Stunt Racer	Technic	2019
42096-1	Porsche 911 RSR	Technic	2019
42099-1	4x4 X-treme Off-Roader	Technic	2019
42100-1	Liebherr R9800 Excavator	Technic	2019
42101-1	Buggy	Technic	2020
42102-1	Mini CLAAS XERION	Technic	2020
42105-1	Catamaran	Technic	2020
42106-1	Stunt Show Truck &amp; Bike	Technic	2020
42107-1	Ducati Panigale V4 R	Technic	2020
42108-1	Mobile Crane	Technic	2020
42109-1	App-Controlled Top Gear Rally Car	Technic	2020
42110-1	Land Rover Defender	Technic	2019
42111-1	Dom’s Dodge Charger	Technic	2020
42112-1	Cement Mixer	Technic	2020
42113-1	Bell Boeing V-22 Osprey	Technic	2020
42114-1	6x6 Volvo Articulated Hauler	Technic	2020
42115-1	Lamborghini Sián FKP 37	Technic	2020
42116-1	Skid Steer Loader	Technic	2021
42120-1	Rescue Hovercraft	Technic	2021
42121-1	Heavy-Duty Excavator	Technic	2021
42122-1	Jeep Wrangler	Technic	2021
42123-1	McLaren Senna GTR	Technic	2021
42124-1	Off-Road Buggy	Technic	2021
42125-1	Ferrari 488 GTE &quot;AF Corse #51&quot;	Technic	2021
42129-1	4x4 Mercedes-Benz Zetros Trial Truck	Technic	2021
42131-1	Cat D11 Bulldozer	Technic	2021
430-1	Biplane	Legoland &gt; Airport	1975
4308-1	Racing Car	Racers	2004
4309-1	Blue Racer	Racers	2004
4310-1	Orange Racer	Racers	2004
4347-1	Auto Pod	Creator &gt; X-Pod	2004
4348-1	Aero Pod	Creator &gt; X-Pod	2004
4349-1	Wild Pod	Creator &gt; X-Pod	2004
435-1	Tipper Truck	Legoland &gt; Construction	1976
4404-1	Land Busters	Creator &gt; Designer Sets	2003
4431-1	Ambulance	City &gt; Hospital	2012
4432-1	Garbage Truck	City &gt; Traffic	2012
4433-1	Dirt Bike Transporter	City &gt; Off-Road	2012
4434-1	Tipper Truck	City &gt; Construction	2012
4436-1	Patrol Car	City &gt; Police	2012
4439-1	Heavy-Duty Helicopter	City &gt; Police	2012
4484-1	X-wing Fighter &amp; TIE Advanced - Mini	Star Wars	2003
4485-1	Sebulba&#039;s Podracer &amp; Anakin&#039;s Podracer - Mini	Star Wars	2003
4486-1	AT-ST &amp; Snowspeeder - Mini	Star Wars	2003
4487-1	Jedi Starfighter &amp; Slave I - Mini	Star Wars	2003
4488-1	Millennium Falcon - Mini	Star Wars	2003
4489-1	AT-AT - Mini	Star Wars	2003
4490-1	Republic Gunship - Mini	Star Wars	2003
4491-1	Trade Federation MTT - Mini	Star Wars	2003
4492-1	Imperial Star Destroyer - Mini	Star Wars	2004
4493-1	Sith Infiltrator - Mini	Star Wars	2004
4494-1	Imperial Shuttle - Mini	Star Wars	2004
4495-1	AT-TE - Mini	Star Wars	2004
4525-1	Road and Rail Repair	Train &gt; 9V	1994
45300-1	WeDo 2.0 Core Set	Educational and Dacta &gt; Mindstorms &gt; WeDo	2016
4532-1	Manual Level Crossing	Train &gt; 9V	1996
4533-1	Train Track Snow Remover	Train &gt; 9V	1999
4536-1	Blue Hopper Car	Train &gt; 9V	1991
4537-1	Octan Twin Tank Rail Tanker	Train &gt; 9V	1993
4539-1	Manual Level Crossing	Train &gt; 9V	1991
4541-1	Rail and Road Service Truck	Train &gt; 9V	1999
4543-1	Railroad Tractor Flatbed	Train &gt; 9V	1991
4544-1	Car Transport Wagon with Car	Train &gt; 9V	1994
4546-1	Road and Rail Maintenance	Train &gt; 9V	1991
4547-1	Club Car	Train &gt; 9V	1993
4549-1	Container Double Stack	Train &gt; 9V	1993
4551-1	Crocodile Locomotive	Train &gt; 9V	1991
4554-1	Metro Station	Train &gt; 9V	1991
4555-1	Cargo Station	Train &gt; 9V	1995
4557-1	Freight Loading Station	Train &gt; 9V	1999
4558-1	Metroliner	Train &gt; 9V	1991
4563-1	Load and Haul Railroad	Train &gt; 9V	1991
4565-1	Freight and Crane Railway	Train &gt; 9V	1996
4641-1	Speed Boat	City &gt; Harbor	2011
4643-1	Power Boat Transporter	City &gt; Harbor	2011
4778-1	Desert Biplane	Town	2005
4837-1	Mini Trains	Creator &gt; Creator 3-in-1	2008
4838-1	Mini Vehicles	Creator &gt; Creator 3-in-1	2008
4883-1	Gear Grinders	Creator &gt; Designer Sets	2005
4886-1	Building Bonanza	Creator &gt; Designer Sets	2004
4888-1	Ocean Odyssey	Creator &gt; Designer Sets	2005
4896-1	Roaring Roadsters	Creator &gt; Creator 3-in-1	2006
4903-1	Lion	Creator &gt; Designer Sets	2005
4904-1	Elephant (Life cereal promotion)	Creator &gt; Designer Sets	2005
4905-1	Giraffe	Creator &gt; Designer Sets	2005
4906-1	Helicopter	Creator &gt; Designer Sets	2005
4911-1	Designer Set	Creator &gt; Designer Sets	2005
4912-1	Police Jet Ski	City &gt; Police	2005
4914-1	Fire Chief&#039;s Car	City &gt; Fire	2005
4915-1	Mini Construction	Creator &gt; Creator 3-in-1	2007
4917-1	Mini Robots	Creator &gt; Creator 3-in-1	2007
4918-1	Mini Flyers	Creator &gt; Creator 3-in-1	2007
4937-1	Life Guard - Quick Magic Box Promotional	City &gt; Coast Guard	2007
4939-1	Cool Cars	Creator &gt; Creator 3-in-1	2007
4947-1	Yellow and Black Racer	Racers	2006
4948-1	Black and Red Racer	Racers	2006
4949-1	Blue and Yellow Racer	Racers	2006
4953-1	Fast Flyers	Creator &gt; Creator 3-in-1	2007
4954-1	Model Town House	Creator &gt; Creator 3-in-1	2007
4955-1	Big Rig	Creator &gt; Creator 3-in-1	2007
4956-1	House	Creator &gt; Creator 3-in-1	2007
4991-1	Police Helicopter	City &gt; Police	2007
10242-1	MINI Cooper	Creator &gt; Creator Expert	2014
10243-1	Parisian Restaurant	Modular Buildings	2014
10246-1	Detective’s Office	Modular Buildings	2015
10248-1	Ferrari F40	Creator &gt; Creator Expert	2015
10251-1	Brick Bank	Modular Buildings	2016
10252-1	Volkswagen Beetle	Creator &gt; Creator Expert	2016
10253-1	Big Ben	Creator &gt; Creator Expert	2016
10256-1	Taj Mahal	Creator &gt; Creator Expert	2017
10258-1	London Bus	Creator &gt; Creator Expert	2017
10261-1	Roller Coaster	Creator &gt; Creator Expert	2018
10262-1	James Bond Aston Martin DB5	Creator &gt; Creator Expert	2018
10264-1	Corner Garage	Modular Buildings	2019
10265-1	Ford Mustang	Creator &gt; Creator Expert	2019
10267-1	Gingerbread House	Seasonal &gt; Christmas &gt; Creator	2019
10269-1	Harley-Davidson Fat Boy	Creator &gt; Creator Expert	2019
10270-1	Bookshop	Modular Buildings	2020
10271-1	Fiat 500	Creator &gt; Creator Expert	2020
10272-1	Old Trafford - Manchester United	Creator &gt; Creator Expert	2020
10276-1	Colosseum	Icons	2020
10277-1	Crocodile Locomotive	Icons	2020
10278-1	Police Station	Modular Buildings	2021
10280-1	Flower Bouquet	Botanicals	2021
10281-1	Bonsai	Botanicals	2021
10283-1	NASA Space Shuttle Discovery	Icons	2021
1029-1	Milk Delivery Truck - Tine	Town	1999
4993-1	Cool Convertible	Creator &gt; Creator 3-in-1	2008
4996-1	Beach House	Creator &gt; Creator 3-in-1	2008
51515-1	Robot Inventor	Mindstorms	2020
544-1	Basic Set	Universal Building Set	1981
5510-1	Off-Road 4x4	Model Team	1986
5521-1	Sea Jet	Model Team	1993
5533-1	Red Fury	Model Team	1999
5540-1	Formula 1 Racer	Model Team	1986
5542-1	Black Thunder	Model Team	1998
555-2	Basic Set	Universal Building Set	1981
5571-1	Giant Truck	Model Team	1996
560-1	Town House with Garden	Town &gt; Classic Town	1979
5610-1	Builder	City &gt; Construction	2008
561412-1	Christmas Tree	Friends	2014
566-1	Basic Set	Universal Building Set	1981
5761-1	Mini Digger	Creator &gt; Creator 3-in-1	2011
5762-1	Mini Plane	Creator &gt; Creator 3-in-1	2011
5763-1	Dune Hopper	Creator &gt; Creator 3-in-1	2011
5764-1	Rescue Robot	Creator &gt; Creator 3-in-1	2011
5765-1	Transport Truck	Creator &gt; Creator 3-in-1	2011
5766-1	Log Cabin	Creator &gt; Creator 3-in-1	2011
5767-1	Cool Cruiser	Creator &gt; Creator 3-in-1	2011
5770-1	Lighthouse Island	Creator &gt; Creator 3-in-1	2011
5771-1	Hillside House	Creator &gt; Creator 3-in-1	2011
5864-1	Mini Helicopter	Creator &gt; Creator 3-in-1	2010
5865-1	Mini Dumper	Creator &gt; Creator 3-in-1	2010
5866-1	Rotor Rescue	Creator &gt; Creator 3-in-1	2010
5867-1	Super Speedster	Creator &gt; Creator 3-in-1	2010
5891-1	Apple Tree House	Creator &gt; Creator 3-in-1	2010
5892-1	Sonic Boom	Creator &gt; Creator 3-in-1	2010
5893-1	Offroad Power	Creator &gt; Creator 3-in-1	2010
5920-1	Island Racer	Adventurers &gt; Dino Island	2000
5934-1	Dino Explorer	Adventurers &gt; Dino Island	2000
5935-1	Island Hopper	Adventurers &gt; Dino Island	2000
5969-1	Squidman Escape	Space &gt; Space Police III	2009
5970-1	Freeze Ray Frenzy	Space &gt; Space Police III	2009
5971-1	Gold Heist	Space &gt; Space Police III	2009
5972-1	Space Truck Getaway [Container Heist]	Space &gt; Space Police III	2009
5973-1	Hyperspeed Pursuit	Space &gt; Space Police III	2009
5974-1	Galactic Enforcer	Space &gt; Space Police III	2009
5979-1	Max Security Transport	Space &gt; Space Police III	2009
5980-1	Squidman&#039;s Pitstop	Space &gt; Space Police III	2009
5981-1	Raid VPR	Space &gt; Space Police III	2010
5982-1	Smash &#039;n&#039; Grab	Space &gt; Space Police III	2010
5983-1	SP Undercover Cruiser	Space &gt; Space Police III	2010
5984-1	Lunar Limo	Space &gt; Space Police III	2010
5985-1	Space Police Central	Space &gt; Space Police III	2010
600-1	Ambulance	Legoland &gt; Hospital	1970
60001-1	Fire Rescue	City &gt; Fire	2013
60017-1	Flatbed Truck	City &gt; Traffic	2013
60018-1	Cement Mixer	City &gt; Construction	2013
60054-1	Light Repair Truck	City	2014
60059-1	Logging Truck	City	2014
60065-1	ATV Patrol	City &gt; Police	2015
60066-1	Swamp Police Starter Set	City &gt; Police	2015
60067-1	Helicopter Pursuit	City &gt; Police	2015
60083-1	Snowplow Truck	City &gt; Traffic	2015
601-1	Petrol Pump	Town &gt; Classic Town	1978
601-2	Tow Truck	Legoland &gt; Vehicle	1970
6010-1	Supply Wagon	Castle &gt; Lion Knights	1984
60101-1	Airport Cargo Plane	City &gt; Airport	2016
6011-1	Black Knight&#039;s Treasure	Castle &gt; Black Falcons	1985
6021-1	Jousting Knights	Castle &gt; Lion Knights	1984
60216-1	Downtown Fire Brigade	City &gt; Fire	2019
6022-1	Horse Cart	Castle &gt; Lion Knights	1984
603-1	Sidecar	Town &gt; Classic Town	1978
6030-1	Catapult	Castle &gt; Black Falcons	1984
6034-1	Black Monarch&#039;s Ghost	Castle &gt; Black Knights	1990
6035-1	Castle Guard	Castle &gt; Black Falcons	1987
604-1	Shell Service Car	Town &gt; Classic Town	1978
604-2	Excavator	Legoland &gt; Construction	1971
6040-1	Blacksmith Shop	Castle &gt; Lion Knights	1984
6041-1	Armor Shop	Castle &gt; Lion Knights	1986
6043-1	Dragon Defender	Castle &gt; Dragon Knights	1993
6049-1	Viking Voyager	Castle &gt; Lion Knights	1987
605-1	Street Sweeper	Town &gt; Classic Town	1978
6054-1	Forestmen&#039;s Hideout	Castle &gt; Forestmen	1988
6056-1	Dragon Wagon	Castle &gt; Dragon Knights	1993
6059-1	Knight&#039;s Stronghold	Castle &gt; Black Knights	1990
606-1	Ambulance	Town &gt; Classic Town	1978
6061-1	Siege Tower	Castle &gt; Lion Knights	1984
6062-1	Battering Ram	Castle &gt; Black Falcons	1987
6066-1	Camouflaged Outpost	Castle &gt; Forestmen	1987
6067-1	Guarded Inn	Castle &gt; Lion Knights	1986
6071-1	Forestmen&#039;s Crossing	Castle &gt; Forestmen	1990
6073-1	Knight&#039;s Castle	Castle &gt; Black Falcons	1984
6074-1	Black Falcon&#039;s Fortress	Castle &gt; Black Falcons	1986
6080-1	King&#039;s Castle	Castle &gt; Lion Knights	1984
6085-1	Black Monarch&#039;s Castle	Castle &gt; Black Knights	1988
610-1	Vintage Car	Legoland &gt; Vehicle	1973
6102-1	Castle Mini Figures	Castle	1985
612-1	Tipper Truck	Legoland &gt; Construction	1974
613-1	Biplane	Legoland &gt; Airport	1974
620-1	Fireman&#039;s Car	Town &gt; Classic Town	1978
6208-1	B-wing Fighter	Star Wars	2006
621-1	Police Car	Town &gt; Classic Town	1978
622-1	Tipper Truck	Town &gt; Classic Town	1978
623-1	Medic&#039;s Car	Town &gt; Classic Town	1978
6232-1	Skeleton Crew	Pirates &gt; Pirates I	1996
6235-1	Buried Treasure	Pirates &gt; Pirates I	1989
6245-1	Harbor Sentry	Pirates &gt; Pirates I	1989
625-1	Tractor	Town &gt; Classic Town	1978
6279-1	Skull Island	Pirates &gt; Pirates I	1995
6285-1	Black Seas Barracuda	Pirates &gt; Pirates I	1989
6286-1	Skull&#039;s Eye Schooner	Pirates &gt; Pirates I	1993
6325-1	Package Pick-Up	Town &gt; Town Jr.	1998
6331-1	Patriot Jet	Town &gt; Classic Town	1996
6334-1	Wave Jump Racers	Town &gt; Classic Town	1996
6339-1	Shuttle Launch Pad	Town &gt; Launch Command	1995
6344-1	Jet Speed Justice	Town &gt; Classic Town	1993
6346-1	Shuttle Launching Crew	Town &gt; Classic Town	1992
6348-1	Surveillance Squad	Town &gt; Classic Town	1994
6349-1	Vacation House	Town &gt; Classic Town	1988
6350-1	Pizza To Go	Town &gt; Classic Town	1994
6351-1	Surf N&#039; Sail Camper	Town &gt; Classic Town	1992
6352-1	Cargomaster Crane	Town &gt; Classic Town	1991
6353-1	Coastal Cutter	Town &gt; Classic Town	1991
6354-1	Pursuit Squad	Town &gt; Classic Town	1990
6355-1	Derby Trotter	Town &gt; Classic Town	1989
6356-1	Med-Star Rescue Plane	Town &gt; Classic Town	1988
6357-1	Stunt &#039;Copter N&#039; Truck	Town &gt; Classic Town	1988
6360-1	Weekend Cottage	Town &gt; Classic Town	1986
6361-1	Mobile Crane	Town &gt; Classic Town	1986
6362-1	Post Office	Town &gt; Classic Town	1982
6363-1	Auto Service Station	Town &gt; Classic Town	1980
6364-1	Paramedic Unit	Town &gt; Classic Town	1980
6365-1	Summer Cottage	Town &gt; Classic Town	1981
6368-1	Jet Airliner	Town &gt; Classic Town	1985
6369-1	Garage	Town &gt; Classic Town	1985
6370-1	Weekend Home	Town &gt; Classic Town	1985
6372-1	Town House	Town &gt; Classic Town	1982
6373-1	Motorcycle Shop	Town &gt; Classic Town	1984
6374-1	Holiday Home	Town &gt; Classic Town	1983
6375-1	Trans Air Carrier	Town &gt; Classic Town	1990
6376-1	Breezeway Cafe	Town &gt; Classic Town	1990
6378-1	Shell Service Station	Town &gt; Classic Town	1986
6379-1	Riding Stable	Town &gt; Classic Town	1986
6380-1	Emergency Treatment Center	Town &gt; Classic Town	1987
6381-1	Motor Speedway	Town &gt; Classic Town	1987
6382-1	Fire Station	Town &gt; Classic Town	1981
6384-1	Police Station	Town &gt; Classic Town	1983
6386-1	Police Command Base	Town &gt; Classic Town	1986
6388-1	Holiday Home with Caravan	Town &gt; Classic Town	1989
6389-1	Fire Control Center	Town &gt; Classic Town	1990
6392-1	Airport	Town &gt; Classic Town	1985
6396-1	International Jetport	Town &gt; Classic Town	1990
6397-1	Gas N&#039; Wash Express	Town &gt; Classic Town	1992
6398-1	Central Precinct HQ	Town &gt; Classic Town	1993
6399-1	Airport Shuttle	Town &gt; Classic Town	1990
6400-1	Go-Kart	Town &gt; Classic Town	1997
6402-1	Sidewalk Cafe	Town &gt; Paradisa	1994
6406-1	Go-Kart	Town &gt; Classic Town	1997
6414-1	Dolphin Point	Town &gt; Paradisa	1995
6415-1	Res-Q Jet-Ski	Town &gt; Res-Q	1998
6416-1	Poolside Paradise	Town &gt; Paradisa	1992
6428-1	Wave Saver	Town &gt; Res-Q	1998
6430-1	Night Patroller	Town &gt; Classic Town	1991
6431-1	Road Rescue	Town &gt; Res-Q	1998
6440-1	Jetport Fire Squad	Town &gt; Classic Town	1991
6442-1	Sting Ray Explorer	Town &gt; Divers	1997
6445-1	Emergency Evac	Town &gt; Res-Q	1998
6450-1	Mobile Police Truck	Town &gt; Classic Town	1986
6451-1	River Response	Town &gt; Res-Q	1998
6462-1	Aerial Recovery	Town &gt; Res-Q	1998
6470-1	Mini Dump Truck	Town &gt; City Center	2000
6472-1	Gas N&#039; Wash Express	Town &gt; City Center	2001
6473-1	Res-Q Cruiser	Town &gt; Res-Q	1998
6479-1	Emergency Response Center	Town &gt; Res-Q	1998
6480-1	Hook and Ladder Truck	Town &gt; Classic Town	1986
6481-1	Construction Crew	Town &gt; Classic Town	1989
6482-1	Rescue Helicopter	Town &gt; Classic Town	1989
6484-1	F1 Hauler	Town &gt; Classic Town	1995
6490-1	Amazon Crossing	Town &gt; Outback	1997
6501-1	Sport Convertible	Town &gt; Classic Town	1987
6503-1	Sprint Racer	Town &gt; Classic Town	1988
6504-1	Tractor	Town &gt; Classic Town	1988
6505-1	Fire Chief&#039;s Car	Town &gt; Classic Town	1988
6506-1	Precinct Cruiser	Town &gt; Classic Town	1989
6507-1	Mini Dumper	Town &gt; Classic Town	1989
6508-1	Wave Racer	Town &gt; Classic Town	1990
6509-1	Red Devil Racer	Town &gt; Classic Town	1991
6511-1	Rescue Runabout	Town &gt; Classic Town	1992
6512-1	Landscape Loader	Town &gt; Classic Town	1992
6514-1	Trail Ranger	Town &gt; Classic Town	1994
6515-1	Stunt Copter	Town &gt; Classic Town	1994
6516-1	Moon Walker	Town &gt; Launch Command	1995
6517-1	Water Jet	Town &gt; Classic Town	1996
6521-1	Emergency Repair Truck	Town &gt; Classic Town	1987
6522-1	Highway Patrol	Town &gt; Classic Town	1987
6523-1	Red Cross	Town &gt; Classic Town	1987
6524-1	Blizzard Blazer	Town &gt; Classic Town	1988
6525-1	Blaze Commander	Town &gt; Classic Town	1995
6526-1	Red Line Racer	Town &gt; Classic Town	1989
6527-1	Tipper Truck	Town &gt; Classic Town	1989
6529-1	Ultra Light I	Town &gt; Classic Town	1990
6530-1	Sport Coupe	Town &gt; Classic Town	1990
6531-1	Flame Chaser	Town &gt; Classic Town	1991
6532-1	Diesel Dumper	Town &gt; Classic Town	1991
6533-1	Police 4x4	Town &gt; Classic Town	1992
6534-1	Beach Bandit	Town &gt; Classic Town	1992
6535-1	Dumper	Town &gt; Classic Town	1995
6536-1	Aero Hawk	Town &gt; Classic Town	1993
6537-1	Hydro Racer	Town &gt; Classic Town	1994
6540-1	Pier Police	Town &gt; Classic Town	1991
6541-1	Intercoastal Seaport	Town &gt; Classic Town	1991
6542-1	Launch &amp; Load Seaport	Town &gt; Classic Town	1991
6544-1	Shuttle Transcon 2	Town &gt; Launch Command	1995
6545-1	Search N&#039; Rescue	Town &gt; Classic Town	1996
6550-1	Outback Racer	Town &gt; Outback	1997
6552-1	Rocky River Retreat	Town &gt; Classic Town	1993
6553-1	Crisis News Crew	Town &gt; Outback	1997
6556-1	Scuba Squad	Town &gt; Divers	1997
6562-1	Gas Stop Shop	Town &gt; Classic Town	1995
6571-1	Flame Fighters	Town &gt; Classic Town	1994
6581-1	Dig &#039;N&#039; Dump	Town &gt; Classic Town	1996
6592-1	Vacation Hideaway	Town &gt; Classic Town	1990
6594-1	Gas Transit	Town &gt; Classic Town	1992
6596-1	Wave Master	Town &gt; Classic Town	1995
6597-1	Century Skyway	Town &gt; Classic Town	1994
6598-1	Metro PD Station	Town &gt; Classic Town	1996
6599-1	Shark Attack	Town &gt; Divers	1997
6600-1	Police Patrol	Town &gt; Classic Town	1981
6601-1	Ice Cream Cart	Town &gt; Classic Town	1985
6602-1	Fire Chief&#039;s Car	Town &gt; Classic Town	1981
6603-1	Shovel Truck	Town &gt; Classic Town	1985
6604-1	Formula-I Racer	Town &gt; Classic Town	1985
6605-1	Road Racer	Town &gt; Classic Town	1984
6606-1	Road Repair Set	Town &gt; Classic Town	1983
6607-1	Service Truck	Town &gt; Classic Town	1982
6608-1	Tractor	Town &gt; Classic Town	1982
6609-1	Race Car	Town &gt; Classic Town	1980
6611-1	Fire Chief&#039;s Car	Town &gt; Classic Town	1981
6612-1	Fire Chief&#039;s Car	Town &gt; Classic Town	1986
6613-1	Telephone Booth	Town &gt; Classic Town	1986
6614-1	Launch Evac 1	Town &gt; Launch Command	1995
6615-1	Eagle Stunt Flyer	Town &gt; Classic Town	1996
6622-1	Mailman on Motorcycle	Town &gt; Classic Town	1984
6623-1	Police Car	Town &gt; Classic Town	1983
6624-1	Delivery Van	Town &gt; Classic Town	1983
6625-1	Speed Trackers	Town &gt; Classic Town	1996
6626-1	Rescue Helicopter	Town &gt; Classic Town	1981
6627-1	Convertible	Town &gt; Classic Town	1980
6628-1	Shell Tow Truck	Town &gt; Classic Town	1981
6629-1	Ambulance	Town &gt; Classic Town	1981
6630-1	Bucket Loader	Town &gt; Classic Town	1981
6631-1	Steam Shovel	Town &gt; Classic Town	1985
6632-1	Tactical Patrol Truck	Town &gt; Classic Town	1985
6633-1	Family Car	Town &gt; Classic Town	1985
6634-1	Stock Car	Town &gt; Classic Town	1986
6641-1	4-Wheelin&#039; Truck	Town &gt; Classic Town	1987
10294-1	Titanic	Icons	2021
10295-1	Porsche 911 Turbo &amp; 911 Targa	Icons	2021
10297-1	Boutique Hotel	Modular Buildings	2022
10298-1	Vespa 125	Icons	2022
10315-1	Tranquil Garden	Icons	2023
10349-1	Happy Plants	Botanicals	2025
10359-1	Fountain Garden	Icons	2025
106-1	UNICEF Van	Town &gt; Classic Town	1985
1069-1	Speedboat	Town &gt; Res-Q	1999
107-2	Canada Post Mail Truck	Town &gt; Classic Town	1985
10885-1	My First Fun Puzzle	Duplo	2019
10918-1	Tow Truck	Duplo &gt; Town	2020
1096-1	Race Buggy	Town &gt; Extreme Team	1997
1097-1	Res-Q Runner	Town &gt; Res-Q	1999
112-2	Locomotive with Motor	Train &gt; 4.5V	1966
1180-1	Space Port Moon Buggy	Town &gt; Space Port	1999
121-1	Roadster	Fabuland	1979
1210-2	Small Store Set	System &gt; Town Plan	1955
1211-2	Small House Set	System &gt; Town Plan	1955
1212-2	Small House - Left Set	System &gt; Town Plan	1955
1213-2	Small House - Right Set	System &gt; Town Plan	1955
126-1	Steam Locomotive (Push)	Train &gt; 4.5V	1970
1462-1	Galactic Scout	Space &gt; Blacktron II	1992
1472-1	Holiday Home	Town &gt; Classic Town	1987
1477-1	{Red Race Car Number 3}	Town &gt; Classic Town	1991
6642-1	Police Helicopter	Town &gt; Classic Town	1988
6643-1	Fire Truck	Town &gt; Classic Town	1988
6644-1	Road Rebel	Town &gt; Classic Town	1990
6645-1	Street Sweeper	Town &gt; Classic Town	1991
6647-1	Highway Repair	Town &gt; Classic Town	1980
6648-1	Mag Racer	Town &gt; Classic Town	1992
6648-2	Dump Truck	Town &gt; Classic Town	1980
6649-1	Street Sweeper	Town &gt; Classic Town	1995
6650-1	Fire and Rescue Van	Town &gt; Classic Town	1981
6651-1	Post Office Van	Town &gt; Classic Town	1982
6652-1	Construction Truck	Town &gt; Classic Town	1983
6653-1	Highway Emergency Van	Town &gt; Classic Town	1982
6656-1	Tow Truck	Town &gt; Classic Town	1985
6657-1	Fire Patrol Copter	Town &gt; Classic Town	1985
6658-1	Bulldozer	Town &gt; Classic Town	1986
6660-1	Hook &amp; Haul Wrecker	Town &gt; Classic Town	1989
6661-1	Mobile TV Studio	Town &gt; Classic Town	1989
6663-1	Wave Rebel	Town &gt; Classic Town	1993
6666-1	Ambulance	Town &gt; Classic Town	1994
6667-1	Pothole Patcher	Town &gt; Classic Town	1993
6668-1	Recycle Truck	Town &gt; Classic Town	1992
6669-1	Diesel Daredevil	Town &gt; Classic Town	1991
6670-1	Rescue Rig	Town &gt; Classic Town	1993
6673-1	Solo Trainer	Town &gt; Classic Town	1990
6674-1	Crane Truck	Town &gt; Classic Town	1988
6675-1	Road &amp; Trail 4x4	Town &gt; Classic Town	1988
6676-1	Mobile Command Unit	Town &gt; Classic Town	1986
6677-1	Motocross Racing	Town &gt; Classic Town	1986
6678-1	Pneumatic Crane	Town &gt; Classic Town	1980
6679-1	Dark Shark	Town &gt; Classic Town	1991
6679-2	Exxon Tow Truck	Town &gt; Classic Town	1980
6680-1	Ambulance	Town &gt; Classic Town	1981
6681-1	Police Van	Town &gt; Classic Town	1981
6682-1	Cement Mixer	Town &gt; Classic Town	1985
6683-1	Burger Stand	Town &gt; Classic Town	1983
6684-1	Police Patrol Squad	Town &gt; Classic Town	1984
6685-1	Fire Copter 1	Town &gt; Classic Town	1982
6687-1	Turbo Prop I	Town &gt; Classic Town	1987
6688-1	Ambulance	Town &gt; Classic Town	1985
6689-1	Post-Station	Town &gt; Classic Town	1985
6690-1	Snorkel Pumper	Town &gt; Classic Town	1980
6691-1	Red Cross Helicopter	Town &gt; Classic Town	1981
6692-1	Tractor Trailer	Town &gt; Classic Town	1983
6693-1	Refuse Collection Truck	Town &gt; Classic Town	1987
6694-1	Car with Camper	Town &gt; Classic Town	1984
6695-1	Shell Tanker	Town &gt; Classic Town	1984
6696-1	Exxon Fuel Tanker	Town &gt; Classic Town	1984
6697-1	Rescue-I Helicopter	Town &gt; Classic Town	1985
6698-1	RV with Speedboat	Town &gt; Classic Town	1986
6699-1	Cycle Fix-It Shop	Town &gt; Classic Town	1987
6706-1	Frontier Patrol	Western	1997
6709-1	Tribal Chief	Western	1997
6712-1	Sheriff&#039;s Showdown	Western	1996
6716-1	Covered Wagon	Western	1996
6718-1	Raindance Ridge	Western	1997
6741-1	Mini Jet	Creator &gt; Creator 3-in-1	2009
6742-1	Mini Off-Roader	Creator &gt; Creator 3-in-1	2009
6743-1	Street Speeder	Creator &gt; Creator 3-in-1	2009
6745-1	Propellor Power	Creator &gt; Creator 3-in-1	2009
6747-1	Race Rider	Creator &gt; Creator 3-in-1	2009
6753-1	Highway Transport	Creator &gt; Creator 3-in-1	2009
6755-1	Sheriff&#039;s Lock-Up	Western	1996
6761-1	Bandit&#039;s Secret Hide-Out	Western	1996
6765-1	Gold City Junction	Western	1996
6769-1	Fort Legoredo	Western	1996
6770-1	Lunar Transporter Patroller	Space &gt; Futuron	1988
6780-1	XT Starship	Space &gt; Classic Space	1986
6781-1	SP-Striker	Space &gt; Space Police I	1989
6790-1	Bandit&#039;s Wheelgun (Boxed)	Western	1997
6799-1	Showdown Canyon	Western	1997
6801-1	Moon Buggy	Space &gt; Classic Space	1981
6805-1	Astro Dasher	Space &gt; Classic Space	1985
6810-1	Laser Ranger	Space &gt; Futuron	1989
6811-1	Pulsar Charger	Space &gt; M:Tron	1990
6812-1	Grid Trekkor	Space &gt; Blacktron II	1991
6813-1	Galactic Chief	Space &gt; Space Police II	1993
6814-1	Ice Tunnelator	Space &gt; Ice Planet 2002	1993
6821-1	Shovel Buggy	Space &gt; Classic Space	1980
6822-1	Space Digger	Space &gt; Classic Space	1981
6825-1	Cosmic Comet	Space &gt; Classic Space	1985
6827-1	Strata Scooter	Space &gt; Classic Space	1987
6828-1	Twin-Winged Spoiler	Space &gt; Futuron	1988
6830-1	Space Patroller	Space &gt; Futuron	1988
6831-1	Message Decoder	Space &gt; Space Police I	1989
6832-1	Super Nova II	Space &gt; Blacktron II	1991
6833-1	Beacon Tracer	Space &gt; M:Tron	1990
6834-1	Celestial Sled	Space &gt; Ice Planet 2002	1993
6835-1	Saucer Scout	Space &gt; Spyrius	1994
6841-1	Mineral Detector	Space &gt; Classic Space	1980
6842-1	Shuttle Craft	Space &gt; Classic Space	1981
6844-1	Seismologic Vehicle (Sismobile)	Space &gt; Classic Space	1983
6848-1	Strategic Pursuer	Space &gt; Futuron	1988
6850-1	Auxiliary Patroller	Space &gt; Futuron	1989
6851-1	Tri-Wheeled Tyrax	Space &gt; Blacktron II	1991
6852-1	Sonar Security	Space &gt; Space Police II	1993
6861-1	X1 Patrol Craft	Space &gt; Classic Space	1980
6861-2	Super Model Building Instruction	Space &gt; Blacktron II	1993
6862-1	Secret Space Voyager	Space &gt; M:Tron	1991
6870-1	Space Probe Launcher	Space &gt; Classic Space	1981
6875-1	Hovercraft	Space &gt; Futuron	1988
6876-1	Alienator	Space &gt; Blacktron I	1988
6877-1	Vector Detector	Space &gt; M:Tron	1990
6878-1	Sub Orbital Guardian	Space &gt; Blacktron II	1991
6879-1	Blizzard Baron	Space &gt; Ice Planet 2002	1993
6880-1	Surface Explorer	Space &gt; Classic Space	1982
6884-1	Aero Module	Space &gt; Futuron	1987
6885-1	Saturn Base Main Team (Crater Crawler)	Space &gt; Futuron	1988
6886-1	Galactic Peace Keeper	Space &gt; Space Police I	1989
6887-1	Allied Avenger	Space &gt; Blacktron II	1991
6889-1	Recon Robot	Space &gt; Spyrius	1994
689-1	Mobile Crane	Legoland &gt; Construction	1974
6890-1	Cosmic Cruiser	Space &gt; Classic Space	1982
6891-1	Gamma V Laser Craft	Space &gt; Classic Space	1985
6893-1	Orion II Hyperspace	Space &gt; Futuron	1987
6894-1	Invader	Space &gt; Blacktron I	1987
6895-1	Spy-Trak 1	Space &gt; Space Police I	1989
6896-1	Celestial Forager	Space &gt; M:Tron	1990
6897-1	Rebel Hunter	Space &gt; Space Police II	1992
6898-1	Ice-Sat V	Space &gt; Ice Planet 2002	1993
6901-1	Mobile Lab	Space &gt; Classic Space	1980
6911-1	Mini Fire Truck	Creator &gt; Creator 3-in-1	2012
6912-1	Super Soarer	Creator &gt; Creator 3-in-1	2012
6919-1	Planetary Prowler	Space &gt; Insectoids	1998
6923-1	Particle Ionizer	Space &gt; M:Tron	1990
6925-1	Interplanetary Rover	Space &gt; Futuron	1988
6927-1	All-Terrain Vehicle	Space &gt; Classic Space	1981
6929-1	Star Fleet Voyager	Space &gt; Classic Space	1981
6931-1	FX Star Patroller	Space &gt; Classic Space	1985
6932-1	Stardefender 200	Space &gt; Futuron	1987
6933-1	Spectral Starguider	Space &gt; Blacktron II	1991
6939-1	Saucer Centurion	Space &gt; Spyrius	1994
6941-1	Battrax	Space &gt; Blacktron I	1987
6949-1	Robo-Guardian	Space &gt; Spyrius	1994
6950-1	Mobile Rocket Transport	Space &gt; Classic Space	1982
6951-1	Robot Command Center	Space &gt; Classic Space	1984
6953-1	Cosmic Laser Launcher	Space &gt; Futuron	1987
6954-1	Renegade	Space &gt; Blacktron I	1987
6955-1	Space Lock-Up Isolation Base	Space &gt; Space Police I	1989
6956-1	Stellar Recon Voyager	Space &gt; M:Tron	1990
6957-1	Solar Snooper	Space &gt; Space Police II	1992
6959-1	Lunar Launch Site	Space &gt; Spyrius	1994
6964-1	Boba Fett&#039;s Slave I - Mini (Kabaya Box)	Star Wars	2004
6965-1	TIE Interceptor - Mini (Kabaya Box)	Star Wars	2004
6966-1	Jedi Starfighter - Mini	Star Wars	2005
6967-1	ARC-170 Starfighter - Mini	Star Wars	2005
6970-1	Beta I Command Base	Space &gt; Classic Space	1980
6973-1	Deep Freeze Defender	Space &gt; Ice Planet 2002	1993
6980-1	Galaxy Commander	Space &gt; Classic Space	1983
6981-1	Aerial Intruder	Space &gt; Blacktron II	1991
6983-1	Ice Station Odyssey	Space &gt; Ice Planet 2002	1993
6984-1	Galactic Mediator	Space &gt; Space Police II	1992
6986-1	Mission Commander	Space &gt; Space Police I	1989
6987-1	Message Intercept Base	Space &gt; Blacktron I	1988
6988-1	Alpha Centauri Outpost	Space &gt; Blacktron II	1991
6989-1	Mega Core Magnetizer	Space &gt; M:Tron	1990
6990-1	Monorail Transport System	Space &gt; Futuron	1988
6991-1	Monorail Transport Base	Space &gt; Unitron	1994
70127-1	Wolf Legend Beast	Legends of Chima	2014
70814-1	Emmet&#039;s Construct-o-Mech	The LEGO Movie	2014
70816-1	Benny&#039;s Spaceship, Spaceship, SPACESHIP!	The LEGO Movie	2014
71006-1	The Simpsons House	Other	2014
7101-1	Lightsaber Duel	Star Wars	1999
7106-1	Droid Escape	Star Wars	2001
7110-1	Landspeeder	Star Wars	1999
7111-1	Droid Fighter	Star Wars	1999
71200-1	Starter Pack Parts	Dimensions	2015
7121-1	Naboo Swamp	Star Wars	1999
7128-1	Speeder Bikes	Star Wars	1999
7130-1	Snowspeeder	Star Wars	1999
7131-1	Anakin&#039;s Podracer	Star Wars	1999
7140-1	X-wing Fighter	Star Wars	1999
7141-1	Naboo Fighter	Star Wars	1999
7150-1	TIE Fighter &amp; Y-wing	Star Wars	1999
7161-1	Gungan Sub	Star Wars	1999
7180-1	B-wing at Rebel Control Center	Star Wars	2000
7181-1	TIE Interceptor	Star Wars &gt; Ultimate Collector Series	2000
7191-1	X-wing Fighter	Star Wars &gt; Ultimate Collector Series	2000
7209-1	Pteranodon	Creator &gt; Designer Sets	2004
7210-1	Apatosaurus	Creator &gt; Designer Sets	2004
7218-1	Orange Speedboat	Creator &gt; Designer Sets	2004
7219-1	Dinosaur	Creator &gt; Designer Sets	2004
722-1	Universal Building Set	Universal Building Set	1980
7221-1	Robots	Creator &gt; Designer Sets	2003
7222-1	Small Red Helicopter (Polybag)	Creator &gt; Designer Sets	2003
7223-1	Yellow Truck (Polybag)	Creator &gt; Designer Sets	2003
7235-1	Police Motorcycle (Black Sticker Version)	City &gt; Police	2005
7236-1	Police Car (Black Sticker Version)	City &gt; Police	2005
7242-1	Street Sweeper	City &gt; Traffic	2005
7245-1	Prisoner Transport, Black Logo	City &gt; Police	2005
7246-1	Mini Digger	City &gt; Construction	2005
7248-1	Digger	City &gt; Construction	2005
7268-1	Crab	Creator &gt; Designer Sets	2005
7269-1	Scorpion	Creator &gt; Designer Sets	2005
7270-1	Bird	Creator &gt; Designer Sets	2005
7271-1	Apple - Suntory Promotional	Creator	2005
7272-1	Pear - Suntory Promotional	Creator	2005
7274-1	Orange - Suntory Promotional	Creator	2005
7275-1	Cherry - Suntory Promotional	Creator	2005
7276-1	Mango - Suntory Promotional	Creator	2005
7278-1	Melon - Suntory Promotional	Creator	2005
7306-1	Golden Staff Guardians	Pharaoh&#039;s Quest	2011
7325-1	Cursed Cobra Statue	Pharaoh&#039;s Quest	2011
7326-1	Rise of the Sphinx	Pharaoh&#039;s Quest	2011
7327-1	Scorpion Pyramid	Pharaoh&#039;s Quest	2011
733-1	Universal Building Set	Universal Building Set	1980
7347-1	Highway Pickup	Creator &gt; Creator 3-in-1	2012
7410-1	Jungle River	Adventurers &gt; Orient Expedition	2003
744-1	Universal Building Set	Universal Building Set	1980
7452-1	Lime/Black Racer	Racers	2007
7453-1	Yellow/Black Racer	Racers	2007
75010-1	B-wing Starfighter &amp; Planet Endor	Star Wars	2013
75033-1	Star Destroyer	Star Wars	2014
75050-1	B-Wing	Star Wars	2014
75053-1	The Ghost	Star Wars	2014
75054-1	AT-AT	Star Wars	2014
75055-1	Imperial Star Destroyer	Star Wars	2014
75060-1	Slave I	Star Wars &gt; Ultimate Collector Series	2015
75075-1	AT-AT	Star Wars	2015
75102-1	Poe&#039;s X-Wing Fighter	Star Wars	2015
75144-1	Snowspeeder	Star Wars &gt; Ultimate Collector Series	2017
75155-1	Rebel U-Wing Fighter	Star Wars	2016
75181-1	Y-Wing Starfighter	Star Wars &gt; Ultimate Collector Series	2018
75253-1	Droid Commander	Star Wars	2019
75272-1	Sith TIE Fighter	Star Wars	2020
75276-1	Stormtrooper	Star Wars	2020
75277-1	Boba Fett	Star Wars	2020
75317-1	The Mandalorian &amp; The Child	Brickheadz	2020
75870-1	Chevrolet Corvette Z06	Speed Champions	2016
75878-1	Bugatti Chiron	Speed Champions	2017
75892-1	McLaren Senna	Speed Champions	2019
75893-1	2018 Dodge Challenger SRT Demon and 1970 Dodge Charger R/T	Speed Champions	2019
75895-1	1974 Porsche 911 Turbo 3.0	Speed Champions	2019
75948-1	Hogwarts Clock Tower	Harry Potter	2019
75953-1	Hogwarts Whomping Willow	Harry Potter	2018
75954-1	Hogwarts Great Hall	Harry Potter	2018
75966-1	Hogwarts Room of Requirement	Harry Potter	2020
75968-1	4 Privet Drive	Harry Potter	2020
75969-1	Hogwarts Astronomy Tower	Harry Potter	2020
75980-1	Attack on The Burrow	Harry Potter	2020
7601-1	LEGO Go-Kart Set	Creator	2006
7602-1	Jeep	Creator	2006
7603-1	Dump Truck	Creator	2006
76042-1	The SHIELD Helicarrier	Super Heroes Marvel &gt; Avengers	2015
7607-1	Butterfly	Creator	2006
7608-1	Shark	Creator	2006
7609-1	Helicopter	Creator	2006
7610-1	Speedboat	Creator	2006
7611-1	Police Car	Racers	2008
7612-1	Muscle Car	Racers	2008
7613-1	Track Racer	Racers	2008
1478-1	Mobile Satellite Up-Link	Space &gt; M:Tron	1991
1479-1	2-Pilot Craft	Space &gt; Blacktron II	1991
148-1	Central Station	Train &gt; 4.5V	1975
1484-1	Weetabix Town House	Town &gt; Classic Town	1987
1489-1	Mobile Car Crane	Town &gt; Classic Town	1989
1490-1	Town Bank	Town &gt; Classic Town	1988
1496-1	Rally Car	Town &gt; Classic Town	1987
1499-1	Twin Starfire	Space &gt; Classic Space	1987
1517-1	Race Car	Town &gt; Classic Town	1989
1528-1	Dragster	Town &gt; Classic Town	1986
1557-1	Scooter	Space &gt; Classic Space	1986
1572-1	Super Tow Truck	Town &gt; Classic Town	1986
158-1	Railroad Crossing Gate	Train &gt; 4.5V	1969
1591-1	Danone Truck	Town &gt; Classic Town	1980
1620-1	Astro Dart	Space &gt; Futuron	1990
1621-1	Lunar MPV Vehicle	Space &gt; Futuron	1990
1631-1	Black Racer	Town &gt; Classic Town	1990
1632-1	Motor Boat	Town &gt; Classic Town	1990
1633-1	Loader Tractor	Town &gt; Classic Town	1990
164-1	Passenger Wagon	Train &gt; 4.5V	1978
165-1	Cargo Station	Train &gt; 4.5V	1978
1656-1	Evacuation Team	Town &gt; Classic Town	1991
166-1	Flat Wagon	Train &gt; 4.5V	1978
167-1	Loading Ramp and Car Transport Wagon	Train &gt; 4.5V	1978
1680-1	Hay Cart with Smugglers	Castle &gt; Forestmen	1990
76139-1	1989 Batmobile	Super Heroes DC &gt; Batman &gt; UCS	2019
76161-1	1989 Batwing	Super Heroes DC &gt; Batman &gt; UCS	2020
7630-1	Front-End Loader	City &gt; Construction	2009
7631-1	Dump Truck	City &gt; Construction	2009
7632-1	Crawler Crane	City &gt; Construction	2009
7634-1	Tractor	City &gt; Farm	2009
7635-1	4WD with Horse Trailer	City &gt; Farm	2009
7636-1	Combine Harvester	City &gt; Farm	2009
7637-1	Farm	City &gt; Farm	2009
7638-1	Tow Truck	City &gt; Traffic	2009
7639-1	Camper	City &gt; Traffic	2009
7641-1	City Corner	City &gt; Traffic	2009
7657-1	AT-ST	Star Wars	2007
7667-1	Imperial Dropship	Star Wars	2008
7685-1	Dozer	City &gt; Construction	2009
76897-1	1985 Audi Sport quattro S1	Speed Champions	2020
7715-1	Push-Along Passenger Steam Train	Train &gt; 4.5V	1985
7722-1	Steam Cargo Train	Train &gt; 4.5V	1985
7725-1	Electric Passenger Train	Train &gt; 12V	1981
7730-1	Electric Goods Train	Train &gt; 12V	1980
7731-1	Mail Van	City &gt; Traffic	2008
7732-1	Air Mail	City &gt; Traffic	2008
7733-1	Truck &amp; Forklift	City &gt; Cargo	2008
7735-1	Freight Train	Train &gt; 12V	1985
7736-1	Coast Guard Quad Bike	City &gt; Coast Guard	2008
7737-1	Coast Guard 4WD &amp; Jet Scooter	City &gt; Coast Guard	2008
7740-1	Inter-City Passenger Train	Train &gt; 12V	1980
7741-1	Police Helicopter	City &gt; Police	2008
7743-1	Police Command Center	City &gt; Police	2008
7745-1	High-Speed City Express Passenger Train	Train &gt; 12V	1985
7746-1	Single-Drum Roller	City &gt; Construction	2009
7747-1	Wind Turbine Transport	City &gt; Traffic	2009
7750-1	Steam Engine	Train &gt; 12V	1980
7755-1	Diesel Heavy Shunting Locomotive	Train &gt; 12V	1983
7760-1	Diesel Shunter Locomotive	Train &gt; 12V	1980
7784-1	The Batmobile Ultimate Collectors&#039; Edition	Super Heroes DC &gt; Batman &gt; UCS	2006
77904-1	Nebulon-B Frigate	Star Wars	2020
7796-1	House	Creator	2008
7800-1	Off Road Racer	Racers	2009
7801-1	Red Racer Polybag	Racers	2009
7802-1	Black Racer Polybag	Racers	2009
7803-1	Jeep	Creator	2009
7808-1	Yellow Airplane	Creator	2009
7810-1	Push-Along Steam Engine	Train &gt; 4.5V	1980
7813-1	Shell Tanker Wagon	Train &gt; 12V	1986
7815-1	Passenger Carriage / Sleeper	Train &gt; 12V	1983
7816-1	Shell Tanker Wagon	Train &gt; 4.5V	1980
7817-1	Crane Wagon	Train &gt; 4.5V	1985
7819-1	Postal Container Wagon Covered	Train	1983
7821-1	Overhead Gantry and Lighting Maintenance Wagon	Train &gt; 4.5V	1983
7822-1	Railway Station	Train &gt; 4.5V	1980
7823-1	Container Crane Depot	Train &gt; 12V	1986
7824-1	Railway Station	Train &gt; 4.5V	1983
7834-1	Level Crossing Manual	Train &gt; 12V	1980
7835-1	Manual Road Crossing	Train &gt; 4.5V	1985
7839-1	Car Transport Depot	Train &gt; 12V	1986
7866-1	Remote Controlled Road Crossing	Train &gt; 12V	1983
7875-1	Backhoe	Creator	2007
7893-1	Passenger Plane	City &gt; Airport	2006
7902-1	Doctor&#039;s Car	City &gt; Hospital	2006
7903-1	Rescue Helicopter	City &gt; Hospital	2006
7910-1	Robot Promotional (Duracell)	Creator &gt; Designer Sets	2004
7911-1	Ship Promotional (Duracell)	Creator &gt; Designer Sets	2004
7912-1	Helicopter Promotional (Duracell)	Creator &gt; Designer Sets	2004
7936-1	Level Crossing	City &gt; Trains	2010
7942-1	Off Road Fire Rescue	City &gt; Fire	2007
7990-1	Cement Mixer	City &gt; Construction	2007
7991-1	Recycle Truck	City &gt; Traffic	2007
7992-1	Container Stacker	City &gt; Cargo	2007
7997-1	Train Station	City &gt; Trains	2007
8001-1	Battle Droid™ / Star Wars Battle Droid	Technic &gt; Star Wars	2000
8002-1	Destroyer Droid™ / Star Wars Destroyer Droid	Technic &gt; Star Wars	2000
8012-1	Super Battle Droid™	Technic &gt; Star Wars	2002
8020-1	Universal Building Set	Technic &gt; Universal Building Set	1984
8022-1	TECHNIC Starter Set	Technic &gt; Universal Building Set	1993
8024-1	Universal Building Set	Technic &gt; Universal Building Set	1989
8028-1	TIE Fighter - Mini	Star Wars	2008
8029-1	Mini Snowspeeder	Star Wars	2008
8031-1	V-19 Torrent - Mini	Star Wars	2008
8032-1	Universal Set	Technic &gt; Universal Building Set	1994
8033-1	General Grievous Starfighter - Mini	Star Wars	2009
8049-1	Tractor with Log Loader	Technic	2010
8054-1	Universal Building Set	Technic &gt; Universal Building Set	1989
8062-1	Universal Set with Storage Case	Technic &gt; Universal Building Set	1994
8063-1	Tractor with Trailer	Technic	2009
8074-1	Universal Building Set with Flex System	Technic &gt; Universal Building Set	1992
8081-1	Extreme Cruiser	Technic	2011
8094-1	TECHNIC Control Centre	Technic &gt; Universal Building Set	1990
8099-1	Midi-Scale Imperial Star Destroyer	Star Wars	2010
8110-1	Mercedes-Benz Unimog U400	Technic	2011
8119-1	Thunder Racer	Racers	2009
8120-1	Rally Sprinter	Racers	2009
8121-1	Track Marshal	Racers	2009
8122-1	Desert Viper	Racers	2009
8123-1	Ferrari F1 Racers	Racers	2009
8124-1	Ice Rally	Racers	2009
8125-1	Thunder Raceway	Racers	2009
8126-1	Desert Challenge	Racers	2009
8130-1	Terrain Crusher	Racers	2007
8131-1	Raceway Rider	Racers	2007
8132-1	Night Driver	Racers	2007
8133-1	Rally Rider	Racers	2007
8134-1	Night Crusher	Racers	2007
8135-1	Bridge Chase	Racers	2007
8143-1	Ferrari 1:17 F430 Challenge	Racers &gt; Ferrari	2007
8147-1	Bullet Run	Racers	2007
8148-1	EZ-Roadster	Racers	2008
8149-1	Midnight Streak	Racers	2008
8150-1	ZX Turbo	Racers	2008
8151-1	Adrift Sport	Racers	2008
8152-1	Speed Chasing	Racers	2008
8154-1	Brick Street Customs	Racers	2008
8156-1	Ferrari FXX 1:17	Racers &gt; Ferrari	2008
8158-1	Speed Racer &amp; Snake Oiler	Speed Racer	2008
8159-1	Racer X &amp; Taejo Togokhan	Speed Racer	2008
8160-1	Cruncher Block &amp; Racer X	Speed Racer	2008
8161-1	Grand Prix Race	Speed Racer	2008
8169-1	Lamborghini Gallardo LP 560-4	Racers	2009
8182-1	Monster Crushers	Racers	2009
8186-1	Street Extreme	Racers	2009
8192-1	Lime Racer	Racers	2010
8193-1	Blue Bullet	Racers	2010
8194-1	Nitro Muscle	Racers	2010
8195-1	Turbo Tow	Racers	2010
8196-1	Chopper Jump	Racers	2010
8197-1	Highway Chaos	Racers	2010
8198-1	Ramp Crash	Racers	2010
8199-1	Security Smash	Racers	2010
8202-1	Blast Off Chopper with Bungee Cord Power!	Technic &gt; Competition	1998
8203-1	Rover Discovery	Technic	1998
8204-1	Sky Flyer I	Technic	1998
8208-1	Custom Cruiser	Technic	1998
8209-1	F1 Racer / Future F1	Technic	1998
8211-1	Brick Street Getaway	Racers	2010
8217-1	The Wasp	Technic	1998
8218-1	Trike Tourer	Technic	1998
8245-1	Robot&#039;s Revenge	Technic &gt; Competition	1998
8256-1	Go-Kart	Technic	2009
8257-1	Cyber Strikers	Technic &gt; Competition	1998
8258-1	Crane Truck	Technic	2009
8259-1	Mini Bulldozer	Technic	2009
8260-1	Tractor	Technic	2009
8261-1	Rally Truck	Technic	2009
8270-1	Rough Terrain Crane	Technic	2007
8272-1	Snowmobile	Technic	2007
8273-1	Off Road Truck	Technic	2007
8274-1	Combine Harvester	Technic	2007
8275-1	Motorized Bulldozer	Technic	2007
8281-1	Mini Tractor	Technic	2006
8283-1	Telehandler	Technic	2006
8285-1	Tow Truck	Technic	2006
8289-1	Fire Truck	Technic	2006
8301-1	Urban Enforcer	Racers	2011
8302-1	Rod Rider	Racers	2011
8303-1	Demon Destroyer	Racers	2011
8304-1	Smokin&#039; Slickster	Racers	2011
8399-1	K-9 Bot	Space &gt; Space Police III	2009
8400-1	Space Speeder	Space &gt; Space Police III	2009
8416-1	Forklift	Technic	2005
8418-1	Mini Loader	Technic	2005
8419-1	Excavator	Technic	2005
8448-1	Super Street Sensation	Technic	1999
8464-1	Pneumatic Front End Loader	Technic	2001
8466-1	4x4 Off Roader	Technic	2001
8495-1	Crosstown Craze	Racers	2008
850-1	Fork lift truck	Technic &gt; Expert Builder	1977
851-1	Tractor	Technic &gt; Expert Builder	1977
852-1	Reconnaisance Helicopter	Technic &gt; Expert Builder	1977
8527-1	Mindstorms NXT	Mindstorms &gt; NXT	2006
854-1	Go-Kart	Technic &gt; Expert Builder	1978
8641-1	Flame Glider	Racers	2005
8642-1	Monster Crusher	Racers	2005
8643-1	Power Cruiser	Racers	2005
8644-1	Street Maniac	Racers	2005
8655-1	RX-Sprinter	Racers	2005
8656-1	F6 Truck	Racers	2005
8657-1	ATR 4	Racers	2005
8658-1	Big Bling Wheelie	Racers	2005
8661-1	Carbon Star	Racers	2006
8662-1	Blue Renegade	Racers	2006
8663-1	Fat Trax	Racers	2006
8664-1	Road Hero	Racers	2006
8665-1	Highway Enforcer {Box}	Racers	2006
8666-1	TunerX	Racers	2006
8681-1	Tuner Garage	Racers	2006
8808-1	F1 Racer	Technic	1994
8810-1	Cafe Racer	Technic	1991
8815-1	Speedway Bandit	Technic	1991
8820-1	Mountain Rambler	Technic	1991
8824-1	Hovercraft	Technic	1994
8825-1	Night Chopper	Technic	1991
8826-1	ATX Sport Cycle	Technic	1993
8828-1	Front End Loader	Technic	1993
8830-1	Rally 6-wheeler	Technic	1990
8832-1	Roadster	Technic	1988
8835-1	Forklift	Technic	1989
8836-1	Sky Ranger	Technic	1993
8837-1	Pneumatic Excavator	Technic	1992
8838-1	Shock Cycle	Technic	1991
8840-1	Rally Shock n&#039; Roll Racer	Technic	1991
8841-1	Desert Racer	Technic	1983
8844-1	Helicopter	Technic &gt; Expert Builder	1981
8845-1	Dune Buggy	Technic &gt; Expert Builder	1981
8848-1	Power Truck	Technic &gt; Expert Builder	1981
8849-1	Tractor	Technic	1986
885-1	Space Scooter	Space &gt; Classic Space	1979
8850-1	Rally Support Truck	Technic	1990
8851-1	Excavator	Technic	1984
8854-1	Power Crane	Technic	1989
8855-1	Prop Plane	Technic	1988
8856-1	Whirlwind Rescue	Technic	1991
8859-1	Tractor	Technic &gt; Expert Builder	1981
886-1	Space Buggy	Space &gt; Classic Space	1979
8862-1	Backhoe Grader	Technic	1989
8865-1	Test Car	Technic	1988
8868-1	Airtech Claw Rig	Technic	1992
8880-1	Super Car	Technic	1994
889-1	Radar Truck	Space &gt; Classic Space	1979
891-1	Two Seater Space Scooter	Space &gt; Classic Space	1979
894-1	Mobile Ground Tracking Station	Space &gt; Classic Space	1979
897-1	Mobile Rocket Launcher	Space &gt; Classic Space	1979
9092-1	Crazy Demon	Racers	2012
9093-1	Bone Cruncher	Racers	2012
9094-1	Star Striker	Racers	2012
9095-1	Nitro Predator	Racers	2012
918-1	Space Transport	Space &gt; Classic Space	1979
920-2	Alpha-1 Rocket Base	Space &gt; Classic Space	1979
924-1	Space Cruiser	Space &gt; Classic Space	1979
926-1	Command Centre	Space &gt; Classic Space	1979
928-1	Galaxy Explorer	Space &gt; Classic Space	1979
9390-1	Mini Tow Truck	Technic	2012
9391-1	Mini Crane	Technic	2012
9392-1	Quad Bike	Technic	2012
9393-1	Tractor	Technic	2012
9394-1	Jet Plane	Technic	2012
9395-1	Pick-Up Tow Truck	Technic	2012
9396-1	Helicopter	Technic	2012
9397-1	Logging Truck	Technic	2012
9469-1	Gandalf Arrives	The Hobbit and Lord of the Rings &gt; The Lord of the Rings	2012
9470-1	Shelob Attacks	The Hobbit and Lord of the Rings &gt; The Lord of the Rings	2012
9471-1	Uruk-hai Army	The Hobbit and Lord of the Rings &gt; The Lord of the Rings	2012
9476-1	The Orc Forge	The Hobbit and Lord of the Rings &gt; The Lord of the Rings	2012
950-1	Fork Lift	Technic &gt; Expert Builder	1979
952-1	Tractor	Technic &gt; Expert Builder	1978
956-1	Auto Chassis	Technic &gt; Expert Builder	1978
1682-1	Space Shuttle	Town &gt; Classic Town	1990
1702-1	Fire Fighter 4 x 4	Town &gt; Classic Town	1994
1704-1	Ice Planet Satellite Plough	Space &gt; Ice Planet 2002	1994
17101-1	Creative Toolbox	Other	2017
1713-1	Shipwrecked Pirate	Pirates &gt; Pirates I	1994
1714-1	Surveillance Scooter	Space &gt; Spyrius	1995
1731-1	Ice Planet Scooter	Space &gt; Ice Planet 2002	1994
1772-1	Airport Container Truck	Town &gt; Classic Town	1992
1773-1	Airline Maintenance Vehicle with Trailer	Promotional &gt; Airlines	1996
1775-1	Jet	Town &gt; Classic Town	1994
1787-1	Crater Cruiser	Space &gt; Unitron	1995
1789-1	Star Hawk II	Space &gt; Unitron	1995
1792-1	Pleasure Cruiser	Town &gt; Classic Town	1994
1793-1	Space Station Zenon	Space &gt; Unitron	1995
1808-1	Light Aircraft and Ground Support	Town &gt; Classic Town	1996
1831-1	Maersk Line Container Lorry	Town &gt; Classic Town	1995
1854-1	House with Roof-Windows ( Velux )	Town &gt; Classic Town	1996
1869-1	South African Flag	Universal Building Set &gt; Basic	1996
1875-1	Meteor Monitor	Space &gt; Blacktron I	1990
1887-1	Scout Patrol Ship	Space &gt; Blacktron II	1992
1896-1	Trauma Team	Town &gt; Classic Town	1992
1916-1	Starion Patrol	Space &gt; Space Police II	1993
1952-1	Dairy Tanker	Town &gt; Classic Town	1989
1969-1	Mini Robot	Space &gt; Space Police II	1993
1972-1	Go-Cart	Technic	1985
1974-3	Smuggler&#039;s Hayride	Castle &gt; Forestmen	1989
1974-4	Star Quest	Space &gt; Futuron	1989
1991-1	Racing Pickup	Town &gt; Classic Town	1993
20004-1	Jungle Cruiser	Indiana Jones	2008
20006-1	Clone Turbo Tank - Mini	Star Wars	2008
20009-1	AT-TE Walker - Mini	Star Wars	2009
20011-1	Garbage Truck	Creator	2009
20014-1	4 x 4 Dynamo	Creator	2010
20015-1	Alligator	Creator	2010
20019-1	Slave I	Star Wars	2011
20021-1	Bounty Hunter Gunship - Mini	Star Wars	2011
21000-1	Sears Tower	Architecture	2008
21000-2	Willis Tower	Architecture	2011
21001-1	John Hancock Center	Architecture	2008
21002-1	Empire State Building	Architecture	2009
21003-1	Seattle Space Needle	Architecture	2009
21004-1	Solomon R. Guggenheim Museum	Architecture	2009
21005-1	Fallingwater	Architecture	2009
21006-1	The White House	Architecture	2010
21007-1	Rockefeller Center	Architecture	2010
21008-1	Burj Khalifa	Architecture	2011
21009-1	Farnsworth House	Architecture	2011
21010-1	Robie House	Architecture	2011
21011-1	Brandenburg Gate	Architecture	2011
21012-1	Sydney Opera House	Architecture	2012
21013-1	Big Ben	Architecture	2012
21014-1	Villa Savoye	Architecture	2012
21015-1	The Leaning Tower of Pisa	Architecture	2013
21016-1	Sungnyemun	Architecture	2012
21017-1	Imperial Hotel	Architecture	2013
21018-1	United Nations Headquarters	Architecture	2013
21019-1	Eiffel Tower	Architecture	2014
21020-1	The Trevi Fountain	Architecture	2014
21021-1	Marina Bay Sands	Architecture	2014
21022-1	Lincoln Memorial	Architecture	2015
21023-1	Flatiron Building	Architecture	2015
21024-1	Louvre	Architecture	2015
21026-1	Venice	Architecture &gt; Skylines	2016
21027-1	Berlin	Architecture &gt; Skylines	2016
21028-1	New York City	Architecture &gt; Skylines	2016
21029-1	Buckingham Palace	Architecture	2016
21030-1	United States Capitol Building	Architecture	2016
21031-1	Burj Khalifa	Architecture	2016
21032-1	Sydney	Architecture &gt; Skylines	2017
21033-1	Chicago	Architecture &gt; Skylines	2017
21034-1	London	Architecture &gt; Skylines	2017
21035-1	Solomon R. Guggenheim Museum	Architecture	2017
21036-1	Arc de Triomphe	Architecture	2017
21037-1	LEGO House	Architecture	2017
21039-1	Shanghai	Architecture &gt; Skylines	2018
21041-1	Great Wall of China	Architecture	2018
21042-1	Statue of Liberty	Architecture	2018
21043-1	San Francisco	Architecture &gt; Skylines	2019
21045-1	Trafalgar Square	Architecture	2019
21046-1	Empire State Building	Architecture	2019
21047-1	Las Vegas	Architecture &gt; Skylines	2018
21051-1	Tokyo	Architecture &gt; Skylines	2020
21052-1	Dubai	Architecture &gt; Skylines	2020
21107-1	Micro World - The End	Minecraft	2014
21113-1	The Cave	Minecraft	2014
2130-1	Danone Promotional Set: Duck	Universal Building Set &gt; Basic	1996
21302-1	The Big Bang Theory	LEGO Ideas and CUUSOO	2015
21303-1	WALL•E [Original Version]	LEGO Ideas and CUUSOO	2015
21307-1	Caterham Seven 620R	LEGO Ideas and CUUSOO	2016
21309-1	NASA Apollo Saturn V	LEGO Ideas and CUUSOO	2017
21311-1	Voltron	LEGO Ideas and CUUSOO	2018
21318-1	Tree House	LEGO Ideas and CUUSOO	2019
21319-1	Central Perk	LEGO Ideas and CUUSOO	2019
2132-1	Danone Promotional Set: Cow	Universal Building Set &gt; Basic	1996
21321-1	International Space Station	LEGO Ideas and CUUSOO	2020
21323-1	Grand Piano	LEGO Ideas and CUUSOO	2020
21325-1	Medieval Blacksmith	LEGO Ideas and CUUSOO	2021
2133-1	Danone Promotional Set: Impala	Universal Building Set &gt; Basic	1996
2134-1	Danone Promotional Set: Bison	Universal Building Set &gt; Basic	1996
2140-1	ANWB Roadside Assistance Crew	Town &gt; Classic Town	1996
